Gene,gRNA
Keap1,CCTGCACGTGATGAACGGGG
Trp53,AGGAGCTCCTGACACTCGGA
Rb1,TCTTACCAGGATTCCATCCA
Rbm10,GTATTTCCTGAACAGATCCG
Setd2,TCTCTAATCCATCTTCCCAG
Setd2,TGACTGCTCCGAGAAGAACA
Smad4,GGTGGCGTTAGACTCTGCCG
Cdkn2a,GCGCTGCGTCGTGCACCGGG
Atm,GCTAAGATGTGACTTAAGCC
Arid1a,TATGGGTTAGTCCCACCATA
Apc,TTGAGCGTAGTTTCACTCCG
Lkb1,GTGGTGGGCCGCAGTCACAA
B2M,GTATGTATCAGTCTCAGTGG
B2M,AGACAAGCACCAGAAAGACC
PDL1,GTTTACTATCACGGCTCCAA
PDL1,GGATGATCAGCTCCGCTGTG
Msh2,GCGCCGTGTAAAAGTCGCCG
Dnmt1,ACCTGCCCAACATACAGGTG
Dnmt1,ATTCCCGAACACTCACGACC
Neo,TCATGGCTGATGCAATGCGG
Neo,GATATTGCTGAAGAGCTTGG
Neo,GAATAGCCTCTCCACCCAAG
NT3,CCGCGCCGTTAGGGAACGAG
NT1,GCGAGGTATTCGGCTCCGCG
Spike-in,CAAGCAGAAGAACGGCATCA